{"cameraMode":{"drawMode":0,"name":"Shaded","section":"Shading Mode"},"sceneLighting":false,"audioPlay":false,"sceneViewState":{"m_AlwaysRefresh":false,"showFog":true,"showSkybox":false,"showFlares":true,"showImageEffects":true,"showParticleSystems":true,"showVisualEffectGraphs":true,"m_FxEnabled":true},"in2DMode":false,"pivot":{"x":-0.06161630153656006,"y":0.09324991703033447,"z":0.34747791290283205},"rotation":{"x":0.0687992125749588,"y":-0.9286600947380066,"z":0.2202564924955368,"w":0.29100096225738528},"size":1.2156212329864503,"orthographic":false}