{"cameraMode":{"drawMode":0,"name":"Shaded","section":"Shading Mode"},"sceneLighting":false,"audioPlay":false,"sceneViewState":{"m_AlwaysRefresh":false,"showFog":true,"showSkybox":false,"showFlares":true,"showImageEffects":true,"showParticleSystems":true,"showVisualEffectGraphs":true,"m_FxEnabled":true},"in2DMode":false,"pivot":{"x":-0.7406857013702393,"y":2.395958185195923,"z":0.19655489921569825},"rotation":{"x":0.03578663989901543,"y":-0.9634965658187866,"z":0.16670194268226624,"w":0.20718789100646974},"size":1.4687681198120118,"orthographic":false}