{"cameraMode":{"drawMode":0,"name":"Shaded","section":"Shading Mode"},"sceneLighting":true,"audioPlay":false,"sceneViewState":{"m_AlwaysRefresh":false,"showFog":true,"showSkybox":true,"showFlares":true,"showImageEffects":true,"showParticleSystems":true,"showVisualEffectGraphs":true,"m_FxEnabled":true},"in2DMode":false,"pivot":{"x":12.556513786315918,"y":-5.623377799987793,"z":8.310782432556153},"rotation":{"x":0.004891197197139263,"y":0.8854816555976868,"z":-0.46471983194351199,"w":0.009309389628469944},"size":8.354509353637696,"orthographic":false}