{"cameraMode":{"drawMode":0,"name":"Shaded","section":"Shading Mode"},"sceneLighting":false,"audioPlay":false,"sceneViewState":{"m_AlwaysRefresh":false,"showFog":true,"showSkybox":false,"showFlares":true,"showImageEffects":true,"showParticleSystems":true,"showVisualEffectGraphs":true,"m_FxEnabled":true},"in2DMode":false,"pivot":{"x":-0.25531232357025149,"y":0.11578443646430969,"z":0.29838061332702639},"rotation":{"x":0.13352303206920625,"y":-0.36248835921287539,"z":0.052589885890483859,"w":0.9209043383598328},"size":0.9642387628555298,"orthographic":false}