{"cameraMode":{"drawMode":0,"name":"Shaded","section":"Shading Mode"},"sceneLighting":false,"audioPlay":false,"sceneViewState":{"m_AlwaysRefresh":false,"showFog":true,"showSkybox":false,"showFlares":true,"showImageEffects":true,"showParticleSystems":true,"showVisualEffectGraphs":true,"m_FxEnabled":true},"in2DMode":false,"pivot":{"x":-0.36808764934539797,"y":-0.9208252429962158,"z":0.39243340492248537},"rotation":{"x":0.1294449269771576,"y":-0.8690242171287537,"z":0.30822664499282839,"w":0.36519354581832888},"size":1.6841471195220948,"orthographic":false}